44001,DEMO - Cleveland,Amherst,OH
44011,DEMO - Cleveland,Avon,OH
44012,DEMO - Cleveland,Avon Lake,OH
44017,DEMO - Cleveland,Berea,OH
44021,DEMO - Cleveland,Burton,OH
44022,DEMO - Cleveland,Chagrin Falls,OH
44023,DEMO - Cleveland,Chagrin Falls,OH
44024,DEMO - Cleveland,Chardon,OH
44026,DEMO - Cleveland,Chesterland,OH
44028,DEMO - Cleveland,Columbia Station,OH
44035,DEMO - Cleveland,Elyria,OH
44039,DEMO - Cleveland,North Ridgeville,OH
44040,DEMO - Cleveland,Gates Mills,OH
44044,DEMO - Cleveland,Grafton,OH
44045,DEMO - Cleveland,Grand River,OH
44046,DEMO - Cleveland,Huntsburg,OH
44049,DEMO - Cleveland,Kipton,OH
44050,DEMO - Cleveland,Lagrange,OH
44052,DEMO - Cleveland,Lorain,OH
44053,DEMO - Cleveland,Lorain,OH
44054,DEMO - Cleveland,Sheffield Lake,OH
44055,DEMO - Cleveland,Lorain,OH
44057,DEMO - Cleveland,North Madison,OH
44060,DEMO - Cleveland,Mentor,OH
44062,DEMO - Cleveland,Middlefield,OH
44064,DEMO - Cleveland,Montville,OH
44065,DEMO - Cleveland,Newbury,OH
44070,DEMO - Cleveland,North Olmsted,OH
44072,DEMO - Cleveland,Novelty,OH
44074,DEMO - Cleveland,Oberlin,OH
44077,DEMO - Cleveland,Painesville,OH
44080,DEMO - Cleveland,Parkman,OH
44081,DEMO - Cleveland,Perry,OH
44086,DEMO - Cleveland,Thompson,OH
44090,DEMO - Cleveland,Wellington,OH
44092,DEMO - Cleveland,Wickliffe,OH
44094,DEMO - Cleveland,Willoughby,OH
44095,DEMO - Cleveland,Eastlake,OH
44101,DEMO - Cleveland,Cleveland,OH
44102,DEMO - Cleveland,Cleveland,OH
44103,DEMO - Cleveland,Cleveland,OH
44104,DEMO - Cleveland,Cleveland,OH
44105,DEMO - Cleveland,Cleveland,OH
44106,DEMO - Cleveland,Cleveland,OH
44107,DEMO - Cleveland,Lakewood,OH
44108,DEMO - Cleveland,Cleveland,OH
44109,DEMO - Cleveland,Cleveland,OH
44110,DEMO - Cleveland,Cleveland,OH
44111,DEMO - Cleveland,Cleveland,OH
44112,DEMO - Cleveland,East Cleveland,OH
44113,DEMO - Cleveland,Cleveland,OH
44114,DEMO - Cleveland,Cleveland,OH
44115,DEMO - Cleveland,Cleveland,OH
44116,DEMO - Cleveland,Rocky River,OH
44117,DEMO - Cleveland,Euclid,OH
44118,DEMO - Cleveland,Cleveland Heights,OH
44119,DEMO - Cleveland,Cleveland,OH
44120,DEMO - Cleveland,Cleveland,OH
44121,DEMO - Cleveland,South Euclid,OH
44122,DEMO - Cleveland,Shaker Heights,OH
44123,DEMO - Cleveland,Euclid,OH
44124,DEMO - Cleveland,Mayfield Heights,OH
44125,DEMO - Cleveland,Garfield Heights,OH
44126,DEMO - Cleveland,Fairview Park,OH
44127,DEMO - Cleveland,Cleveland,OH
44128,DEMO - Cleveland,Cleveland,OH
44129,DEMO - Cleveland,Parma,OH
44130,DEMO - Cleveland,Parma Heights,OH
44131,DEMO - Cleveland,Seven Hills,OH
44132,DEMO - Cleveland,Euclid,OH
44133,DEMO - Cleveland,North Royalton,OH
44134,DEMO - Cleveland,Parma,OH
44135,DEMO - Cleveland,Cleveland,OH
44136,DEMO - Cleveland,Strongsville,OH
44137,DEMO - Cleveland,Maple Heights,OH
44138,DEMO - Cleveland,Olmsted Falls,OH
44139,DEMO - Cleveland,Solon,OH
44140,DEMO - Cleveland,Bay Village,OH
44141,DEMO - Cleveland,Brecksville,OH
44142,DEMO - Cleveland,Brook Park,OH
44143,DEMO - Cleveland,Richmond Heights,OH
44144,DEMO - Cleveland,Brooklyn,OH
44145,DEMO - Cleveland,Westlake,OH
44146,DEMO - Cleveland,Bedford,OH
44147,DEMO - Cleveland,Broadview Heights,OH
44149,DEMO - Cleveland,Strongsville,OH
44212,DEMO - Cleveland,Brunswick,OH
44215,DEMO - Cleveland,Chippewa Lake,OH
44233,DEMO - Cleveland,Hinckley,OH
44235,DEMO - Cleveland,Homerville,OH
44251,DEMO - Cleveland,Westfield Center,OH
44253,DEMO - Cleveland,Litchfield,OH
44254,DEMO - Cleveland,Lodi,OH
44256,DEMO - Cleveland,Medina,OH
44273,DEMO - Cleveland,Seville,OH
44274,DEMO - Cleveland,Sharon Center,OH
44275,DEMO - Cleveland,Spencer,OH
44280,DEMO - Cleveland,Valley City,OH
44281,DEMO - Cleveland,Wadsworth,OH